timestamp,status,count
2025-12-01T10:00:00,approved,118
2025-12-01T10:00:00,denied,6
2025-12-01T10:00:00,failed,0
2025-12-01T10:00:00,reversed,1
2025-12-01T10:01:00,approved,114
2025-12-01T10:01:00,denied,8
2025-12-01T10:01:00,failed,0
2025-12-01T10:01:00,reversed,0
2025-12-01T10:02:00,approved,117
2025-12-01T10:02:00,denied,7
2025-12-01T10:02:00,failed,0
2025-12-01T10:02:00,reversed,1
2025-12-01T10:03:00,approved,113
2025-12-01T10:03:00,denied,5
2025-12-01T10:03:00,failed,0
2025-12-01T10:03:00,reversed,1
2025-12-01T10:04:00,approved,116
2025-12-01T10:04:00,denied,9
2025-12-01T10:04:00,failed,0
2025-12-01T10:04:00,reversed,1
2025-12-01T10:05:00,approved,119
2025-12-01T10:05:00,denied,6
2025-12-01T10:05:00,failed,0
2025-12-01T10:05:00,reversed,0
2025-12-01T10:06:00,approved,115
2025-12-01T10:06:00,denied,8
2025-12-01T10:06:00,failed,0
2025-12-01T10:06:00,reversed,1
2025-12-01T10:07:00,approved,117
2025-12-01T10:07:00,denied,7
2025-12-01T10:07:00,failed,0
2025-12-01T10:07:00,reversed,1
2025-12-01T10:08:00,approved,116
2025-12-01T10:08:00,denied,6
2025-12-01T10:08:00,failed,0
2025-12-01T10:08:00,reversed,0
2025-12-01T10:09:00,approved,118
2025-12-01T10:09:00,denied,5
2025-12-01T10:09:00,failed,0
2025-12-01T10:09:00,reversed,1
2025-12-01T10:10:00,approved,114
2025-12-01T10:10:00,denied,7
2025-12-01T10:10:00,failed,0
2025-12-01T10:10:00,reversed,1
2025-12-01T10:11:00,approved,117
2025-12-01T10:11:00,denied,6
2025-12-01T10:11:00,failed,0
2025-12-01T10:11:00,reversed,1
2025-12-01T10:12:00,approved,116
2025-12-01T10:12:00,denied,8
2025-12-01T10:12:00,failed,0
2025-12-01T10:12:00,reversed,0
2025-12-01T10:13:00,approved,119
2025-12-01T10:13:00,denied,7
2025-12-01T10:13:00,failed,0
2025-12-01T10:13:00,reversed,1
2025-12-01T10:14:00,approved,115
2025-12-01T10:14:00,denied,6
2025-12-01T10:14:00,failed,0
2025-12-01T10:14:00,reversed,1
2025-12-01T10:15:00,approved,116
2025-12-01T10:15:00,denied,9
2025-12-01T10:15:00,failed,0
2025-12-01T10:15:00,reversed,0
2025-12-01T10:16:00,approved,118
2025-12-01T10:16:00,denied,5
2025-12-01T10:16:00,failed,0
2025-12-01T10:16:00,reversed,1
2025-12-01T10:17:00,approved,114
2025-12-01T10:17:00,denied,8
2025-12-01T10:17:00,failed,0
2025-12-01T10:17:00,reversed,1
2025-12-01T10:18:00,approved,117
2025-12-01T10:18:00,denied,7
2025-12-01T10:18:00,failed,0
2025-12-01T10:18:00,reversed,1
2025-12-01T10:19:00,approved,116
2025-12-01T10:19:00,denied,6
2025-12-01T10:19:00,failed,0
2025-12-01T10:19:00,reversed,0
2025-12-01T10:20:00,approved,119
2025-12-01T10:20:00,denied,5
2025-12-01T10:20:00,failed,0
2025-12-01T10:20:00,reversed,1
2025-12-01T10:21:00,approved,115
2025-12-01T10:21:00,denied,8
2025-12-01T10:21:00,failed,0
2025-12-01T10:21:00,reversed,1
2025-12-01T10:22:00,approved,116
2025-12-01T10:22:00,denied,7
2025-12-01T10:22:00,failed,0
2025-12-01T10:22:00,reversed,1
2025-12-01T10:23:00,approved,118
2025-12-01T10:23:00,denied,6
2025-12-01T10:23:00,failed,0
2025-12-01T10:23:00,reversed,0
2025-12-01T10:24:00,approved,114
2025-12-01T10:24:00,denied,9
2025-12-01T10:24:00,failed,0
2025-12-01T10:24:00,reversed,1
2025-12-01T10:25:00,approved,117
2025-12-01T10:25:00,denied,5
2025-12-01T10:25:00,failed,0
2025-12-01T10:25:00,reversed,1
2025-12-01T10:26:00,approved,116
2025-12-01T10:26:00,denied,7
2025-12-01T10:26:00,failed,0
2025-12-01T10:26:00,reversed,1
2025-12-01T10:27:00,approved,119
2025-12-01T10:27:00,denied,6
2025-12-01T10:27:00,failed,0
2025-12-01T10:27:00,reversed,0
2025-12-01T10:28:00,approved,115
2025-12-01T10:28:00,denied,8
2025-12-01T10:28:00,failed,0
2025-12-01T10:28:00,reversed,1
2025-12-01T10:29:00,approved,116
2025-12-01T10:29:00,denied,7
2025-12-01T10:29:00,failed,0
2025-12-01T10:29:00,reversed,1
2025-12-01T10:30:00,approved,118
2025-12-01T10:30:00,denied,6
2025-12-01T10:30:00,failed,0
2025-12-01T10:30:00,reversed,0
2025-12-01T10:31:00,approved,114
2025-12-01T10:31:00,denied,9
2025-12-01T10:31:00,failed,0
2025-12-01T10:31:00,reversed,1
2025-12-01T10:32:00,approved,117
2025-12-01T10:32:00,denied,5
2025-12-01T10:32:00,failed,0
2025-12-01T10:32:00,reversed,1
2025-12-01T10:33:00,approved,116
2025-12-01T10:33:00,denied,7
2025-12-01T10:33:00,failed,0
2025-12-01T10:33:00,reversed,1
2025-12-01T10:34:00,approved,119
2025-12-01T10:34:00,denied,6
2025-12-01T10:34:00,failed,0
2025-12-01T10:34:00,reversed,0
2025-12-01T10:35:00,approved,115
2025-12-01T10:35:00,denied,8
2025-12-01T10:35:00,failed,0
2025-12-01T10:35:00,reversed,1
2025-12-01T10:36:00,approved,116
2025-12-01T10:36:00,denied,7
2025-12-01T10:36:00,failed,0
2025-12-01T10:36:00,reversed,1
2025-12-01T10:37:00,approved,118
2025-12-01T10:37:00,denied,6
2025-12-01T10:37:00,failed,0
2025-12-01T10:37:00,reversed,0
2025-12-01T10:38:00,approved,114
2025-12-01T10:38:00,denied,9
2025-12-01T10:38:00,failed,0
2025-12-01T10:38:00,reversed,1
2025-12-01T10:39:00,approved,117
2025-12-01T10:39:00,denied,5
2025-12-01T10:39:00,failed,0
2025-12-01T10:39:00,reversed,1
2025-12-01T10:40:00,approved,116
2025-12-01T10:40:00,denied,7
2025-12-01T10:40:00,failed,0
2025-12-01T10:40:00,reversed,1
2025-12-01T10:41:00,approved,119
2025-12-01T10:41:00,denied,6
2025-12-01T10:41:00,failed,0
2025-12-01T10:41:00,reversed,0
2025-12-01T10:42:00,approved,115
2025-12-01T10:42:00,denied,8
2025-12-01T10:42:00,failed,0
2025-12-01T10:42:00,reversed,1
2025-12-01T10:43:00,approved,116
2025-12-01T10:43:00,denied,7
2025-12-01T10:43:00,failed,0
2025-12-01T10:43:00,reversed,1
2025-12-01T10:44:00,approved,118
2025-12-01T10:44:00,denied,6
2025-12-01T10:44:00,failed,0
2025-12-01T10:44:00,reversed,0
2025-12-01T10:45:00,approved,114
2025-12-01T10:45:00,denied,9
2025-12-01T10:45:00,failed,0
2025-12-01T10:45:00,reversed,1
2025-12-01T10:46:00,approved,117
2025-12-01T10:46:00,denied,5
2025-12-01T10:46:00,failed,0
2025-12-01T10:46:00,reversed,1
2025-12-01T10:47:00,approved,116
2025-12-01T10:47:00,denied,7
2025-12-01T10:47:00,failed,0
2025-12-01T10:47:00,reversed,1
2025-12-01T10:48:00,approved,119
2025-12-01T10:48:00,denied,6
2025-12-01T10:48:00,failed,0
2025-12-01T10:48:00,reversed,0
2025-12-01T10:49:00,approved,115
2025-12-01T10:49:00,denied,8
2025-12-01T10:49:00,failed,0
2025-12-01T10:49:00,reversed,1
2025-12-01T10:50:00,approved,116
2025-12-01T10:50:00,denied,7
2025-12-01T10:50:00,failed,0
2025-12-01T10:50:00,reversed,1
2025-12-01T10:51:00,approved,118
2025-12-01T10:51:00,denied,6
2025-12-01T10:51:00,failed,0
2025-12-01T10:51:00,reversed,0
2025-12-01T10:52:00,approved,114
2025-12-01T10:52:00,denied,9
2025-12-01T10:52:00,failed,0
2025-12-01T10:52:00,reversed,1
2025-12-01T10:53:00,approved,117
2025-12-01T10:53:00,denied,5
2025-12-01T10:53:00,failed,0
2025-12-01T10:53:00,reversed,1
2025-12-01T10:54:00,approved,116
2025-12-01T10:54:00,denied,7
2025-12-01T10:54:00,failed,0
2025-12-01T10:54:00,reversed,1
2025-12-01T10:55:00,approved,119
2025-12-01T10:55:00,denied,6
2025-12-01T10:55:00,failed,0
2025-12-01T10:55:00,reversed,0
2025-12-01T10:56:00,approved,115
2025-12-01T10:56:00,denied,8
2025-12-01T10:56:00,failed,0
2025-12-01T10:56:00,reversed,1
2025-12-01T10:57:00,approved,116
2025-12-01T10:57:00,denied,7
2025-12-01T10:57:00,failed,0
2025-12-01T10:57:00,reversed,1
2025-12-01T10:58:00,approved,118
2025-12-01T10:58:00,denied,6
2025-12-01T10:58:00,failed,0
2025-12-01T10:58:00,reversed,0
2025-12-01T10:59:00,approved,114
2025-12-01T10:59:00,denied,9
2025-12-01T10:59:00,failed,0
2025-12-01T10:59:00,reversed,1
2025-12-01T11:00:00,approved,117
2025-12-01T11:00:00,denied,5
2025-12-01T11:00:00,failed,0
2025-12-01T11:00:00,reversed,1
2025-12-01T11:01:00,approved,116
2025-12-01T11:01:00,denied,7
2025-12-01T11:01:00,failed,0
2025-12-01T11:01:00,reversed,1
2025-12-01T11:02:00,approved,118
2025-12-01T11:02:00,denied,6
2025-12-01T11:02:00,failed,0
2025-12-01T11:02:00,reversed,0
2025-12-01T11:03:00,approved,114
2025-12-01T11:03:00,denied,8
2025-12-01T11:03:00,failed,0
2025-12-01T11:03:00,reversed,1
2025-12-01T11:04:00,approved,117
2025-12-01T11:04:00,denied,5
2025-12-01T11:04:00,failed,0
2025-12-01T11:04:00,reversed,1
2025-12-01T11:05:00,approved,116
2025-12-01T11:05:00,denied,7
2025-12-01T11:05:00,failed,0
2025-12-01T11:05:00,reversed,1
2025-12-01T11:06:00,approved,119
2025-12-01T11:06:00,denied,6
2025-12-01T11:06:00,failed,0
2025-12-01T11:06:00,reversed,0
2025-12-01T11:07:00,approved,115
2025-12-01T11:07:00,denied,8
2025-12-01T11:07:00,failed,0
2025-12-01T11:07:00,reversed,1
2025-12-01T11:08:00,approved,116
2025-12-01T11:08:00,denied,7
2025-12-01T11:08:00,failed,0
2025-12-01T11:08:00,reversed,1
2025-12-01T11:09:00,approved,118
2025-12-01T11:09:00,denied,6
2025-12-01T11:09:00,failed,0
2025-12-01T11:09:00,reversed,0
2025-12-01T11:10:00,approved,114
2025-12-01T11:10:00,denied,9
2025-12-01T11:10:00,failed,0
2025-12-01T11:10:00,reversed,1
2025-12-01T11:11:00,approved,117
2025-12-01T11:11:00,denied,5
2025-12-01T11:11:00,failed,0
2025-12-01T11:11:00,reversed,1
2025-12-01T11:12:00,approved,116
2025-12-01T11:12:00,denied,7
2025-12-01T11:12:00,failed,0
2025-12-01T11:12:00,reversed,1
2025-12-01T11:13:00,approved,118
2025-12-01T11:13:00,denied,6
2025-12-01T11:13:00,failed,0
2025-12-01T11:13:00,reversed,0
2025-12-01T11:14:00,approved,114
2025-12-01T11:14:00,denied,8
2025-12-01T11:14:00,failed,0
2025-12-01T11:14:00,reversed,1
2025-12-01T11:15:00,approved,117
2025-12-01T11:15:00,denied,5
2025-12-01T11:15:00,failed,0
2025-12-01T11:15:00,reversed,1
2025-12-01T11:16:00,approved,116
2025-12-01T11:16:00,denied,7
2025-12-01T11:16:00,failed,0
2025-12-01T11:16:00,reversed,1
2025-12-01T11:17:00,approved,119
2025-12-01T11:17:00,denied,6
2025-12-01T11:17:00,failed,0
2025-12-01T11:17:00,reversed,0
2025-12-01T11:18:00,approved,115
2025-12-01T11:18:00,denied,8
2025-12-01T11:18:00,failed,0
2025-12-01T11:18:00,reversed,1
2025-12-01T11:19:00,approved,116
2025-12-01T11:19:00,denied,7
2025-12-01T11:19:00,failed,0
2025-12-01T11:19:00,reversed,1
2025-12-01T11:20:00,approved,118
2025-12-01T11:20:00,denied,6
2025-12-01T11:20:00,failed,0
2025-12-01T11:20:00,reversed,0
2025-12-01T11:21:00,approved,114
2025-12-01T11:21:00,denied,9
2025-12-01T11:21:00,failed,0
2025-12-01T11:21:00,reversed,1
2025-12-01T11:22:00,approved,117
2025-12-01T11:22:00,denied,5
2025-12-01T11:22:00,failed,0
2025-12-01T11:22:00,reversed,1
2025-12-01T11:23:00,approved,116
2025-12-01T11:23:00,denied,7
2025-12-01T11:23:00,failed,0
2025-12-01T11:23:00,reversed,1
2025-12-01T11:24:00,approved,15
2025-12-01T11:24:00,denied,8
2025-12-01T11:24:00,failed,15
2025-12-01T11:24:00,reversed,0
2025-12-01T11:25:00,approved,119
2025-12-01T11:25:00,denied,6
2025-12-01T11:25:00,failed,0
2025-12-01T11:25:00,reversed,1
